Header,
End Header,
Landmarks,
PoL, 50.8742, -126.917, -183.036
OrL, 31.579, -196.359, -190.975
OrR, -34.5345, -196.737, -191.325
PoR, -50.2829, -128.077, -182.589
ArL, 51.4785, -134.899, -192.774
ArR, -47.7403, -135.377, -192.503
GoL, 40.013, -136.876, -238.861
GoR, -41.377, -135.553, -235.608
Me, -5.93576, -187.225, -277.514
FrontL, 0, 0, 0
FrontR, 0, 0, 0
RearL, 0, 0, 0
RearR, 0, 0, 0
CanineL, 8.69271, -203.254, -240.848
CanineR, -17.9447, -202.827, -240.868
M1MBL, 23.7745, -180.193, -235.653
M1MBR, -25.1341, -182.584, -234.745
End Landmarks,
NHP,
0.999875, -0.0156312, -0.00218236, -0.468514
0.0152572, 0.992679, -0.119817, -127.509
0.00403926, 0.119769, 0.992794, -182.816
0, 0, 0, 1
End NHP,
